MAE_pos,MAE_rot,RMSE_pos,RMSE_rot,LAT,hidden_dim,epochs,batch_size,dropout,layers
0.10370298258463542,3.4606508841806463,0.1861329823732376,9.37241556472384,0.1,16,1000,1024,0.0,1
0.08048072306315104,4.382281270014921,0.1389683336019516,9.929631188413921,0.1,24,1000,1024,0.0,1
0.21482432047526043,7.389619100471367,0.31201478838920593,11.945738864037388,0.1,8,1000,8192,0.0,1
0.08255012003580729,3.316006128816219,0.12478401511907578,9.385699569369889,0.1,40,1000,2048,0.0,1
0.167543212890625,3.9859346711118526,0.21369150280952454,9.637076604720633,0.1,8,1000,1024,0.0,1
0.16641097005208333,4.605063834165575,0.2152334600687027,10.073615069881512,0.1,48,1000,1024,0.0,1
0.1259096476236979,4.35177736459931,0.2022511214017868,9.987145018337506,0.1,64,1000,1024,0.0,1
0.37886482747395833,9.72515919322628,0.4397825002670288,15.202549134911642,0.1,200,900,64,0.0,1
0.08763287353515625,3.40087047126228,0.15932688117027283,9.390465619547214,0.1,24,1000,8192,0.0,1
0.16569169108072918,5.424178941926026,0.21954913437366486,10.198390191901307,0.1,56,1000,1024,0.0,1
0.1253677978515625,3.546611331063009,0.17551566660404205,9.617108032910703,0.1,16,1000,2048,0.0,1
0.28566255696614584,10.408164626434248,0.38828176259994507,15.742311290954424,0.1,200,100,64,0.0,1
0.053635330200195314,2.76212498101298,0.12164947390556335,9.240015419158844,0.1,56,1000,8192,0.0,1
0.38704109700520833,8.236486565837383,0.49609968066215515,12.427028660829997,0.1,200,100,256,0.0,1
0.14862350463867188,4.631689832735383,0.18787828087806702,9.723613032355885,0.1,8,1000,2048,0.0,1
0.129184814453125,3.8966443310422965,0.18861402571201324,9.735079873828807,0.1,32,1000,1024,0.0,1
0.08827130126953125,3.2949822902632646,0.159575417637825,9.133016912989701,0.1,32,1000,2048,0.0,1
0.09243143717447917,3.4873319366040905,0.14784185588359833,9.538570176699833,0.1,56,1000,2048,0.0,1
0.20229921468098958,6.860748208093883,0.24120716750621796,12.962895782595,0.1,200,900,128,0.0,1
0.07037095133463542,3.087943967858727,0.11721809208393097,9.391744323132743,0.1,24,1000,2048,0.0,1
0.15551495361328124,6.398787009685271,0.21769611537456512,11.038654659561349,0.1,200,300,128,0.0,1
0.0678521219889323,2.7197538922718723,0.13747857511043549,9.166409864591014,0.1,40,1000,8192,0.0,1
0.44197159830729166,9.456535764010713,0.5691360235214233,13.378232899910868,0.1,200,500,64,0.0,1
0.05712755839029948,3.250361134201528,0.12296442687511444,9.23288908851572,0.1,32,1000,8192,0.0,1
0.3855216064453125,8.394951189552987,0.4501366913318634,12.945432435430542,0.1,200,100,128,0.0,1
0.28969620768229165,7.762410981223658,0.3769092559814453,14.161162135062268,0.1,200,700,64,0.0,1
0.04784753926595052,2.5794897131387278,0.1269335150718689,9.197354715392459,0.1,48,1000,8192,0.0,1
0.08051850891113281,4.595786028816376,0.11803913861513138,9.883896918933235,0.1,16,1000,8192,0.0,1
0.2855005493164062,8.45310458652311,0.34245428442955017,13.537842246416147,0.1,200,300,64,0.0,1
0.13538702392578125,3.616974316537726,0.20969362556934357,9.63361727031531,0.1,40,1000,1024,0.0,1
0.04496281941731771,2.4502320311756405,0.11192359030246735,9.072094787519157,0.1,64,1000,8192,0.0,1
0.2930995890299479,10.213116067504329,0.3560069799423218,15.03503913878901,0.1,200,300,256,0.0,1
0.062167922973632814,3.5205235691320182,0.14209920167922974,9.45819667161948,0.1,64,1000,2048,0.0,1
0.20231461588541666,7.3237096038093386,0.2645914852619171,11.608162435336833,0.1,200,500,128,0.0,1
0.24976753743489583,9.306825202698542,0.3083122670650482,13.700814342170217,0.1,400,300,64,0.0,1
0.08782119750976562,2.6851669577544217,0.1256432831287384,9.123879585548512,0.1,200,500,4096,0.0,1
0.24729764811197916,7.822916782023612,0.32441630959510803,13.331727770573012,0.1,400,900,128,0.0,1
0.2852135009765625,6.546307107289891,0.36082932353019714,11.256264989663215,0.1,200,700,128,0.0,1
0.04804683939615886,2.3621513722022627,0.08437023311853409,9.023805562219941,0.1,200,700,8192,0.0,1
0.05582007853190104,2.6183933631674363,0.10028023272752762,9.176580687295885,0.1,200,900,4096,0.0,1
0.10306587727864583,3.7097537263353075,0.1809210479259491,9.762288174885315,0.1,200,900,1024,0.0,1
0.2990893147786458,5.226999450094813,0.3547818958759308,10.187865180760332,0.1,200,100,4096,0.0,1
0.11200973510742188,4.1201752645597995,0.14945314824581146,9.676617203239982,0.1,200,700,2048,0.0,1
0.13303626505533855,3.5604069900429147,0.17283108830451965,9.411965854585596,0.1,200,500,2048,0.0,1
0.1534969991048177,5.221684670989043,0.19487404823303223,10.835938726640697,0.1,200,700,256,0.0,1
0.18903068033854167,6.330107297810312,0.24462005496025085,13.440438468308788,0.1,400,700,128,0.0,1
0.24199064127604167,4.208340726426137,0.29211002588272095,9.535227673253603,0.1,200,100,2048,0.0,1
0.09279844156901042,2.690647565683652,0.12293357402086258,9.102138364093959,0.1,200,700,4096,0.0,1
0.14218355305989583,4.6820826321740645,0.19057944416999817,12.209221002458898,0.1,200,900,512,0.0,1
0.17869476318359376,7.424970625418523,0.2301127016544342,13.920095022613564,0.1,400,500,128,0.0,1
0.08664784749348958,2.4401302197570818,0.12735942006111145,9.042060385099461,0.1,200,300,4096,0.0,1
0.23054618326822918,6.934907930204915,0.282011479139328,11.513055798025267,0.1,400,300,1024,0.0,1
0.11648570760091145,4.461881335440431,0.16454920172691345,9.982893222697125,0.1,400,700,1024,0.0,1
0.29287156168619793,9.210664676309975,0.40273958444595337,15.113450751999377,0.1,400,100,64,0.0,1
0.08145153299967448,4.217521289793506,0.12804922461509705,9.704248529375512,0.1,400,700,2048,0.0,1
0.3714581705729167,7.082152206886476,0.44065988063812256,11.026094676580591,0.1,400,100,128,0.0,1
0.26229561360677084,5.953609753100208,0.3194797933101654,10.660647771599486,0.1,200,100,512,0.0,1
0.12468326822916667,3.0062708435287107,0.16304053366184235,9.23281686727037,0.1,200,300,2048,0.0,1
0.17086423746744792,5.80184404348153,0.2179984599351883,10.78238101972787,0.1,400,700,256,0.0,1
0.23862764485677082,3.9985937324769076,0.2982599437236786,9.441951458840018,0.1,200,300,1024,0.0,1
0.439119140625,6.770586420627176,0.5078403353691101,11.471104690005252,0.1,200,100,8192,0.0,1
0.12098685709635416,5.025902731122766,0.15076808631420135,10.760151464224789,0.1,400,900,512,0.0,1
0.06770826212565104,3.4744570526639813,0.13942666351795197,9.402160666225726,0.1,48,1000,2048,0.0,1
0.16248199462890625,10.202871370214917,0.18996840715408325,14.472309468349692,0.1,400,100,1024,0.0,1
0.2249305419921875,4.083627607724962,0.26658833026885986,9.50052959433352,0.1,400,100,4096,0.0,1
0.1291668701171875,4.428878274324583,0.1946406066417694,9.818174292577398,0.1,200,700,1024,0.0,1
0.15928160603841146,3.4785520148020814,0.1893301010131836,9.244939480870718,0.1,400,100,2048,0.0,1
0.16212571207682291,5.60100616136952,0.21327486634254456,11.97121729797245,0.1,200,700,512,0.0,1
0.09845537312825521,2.8158157710471,0.15354086458683014,9.18070745624531,0.1,200,900,2048,0.0,1
0.05923079427083333,2.4465000432536823,0.10460568964481354,9.059748754439992,0.1,200,500,8192,0.0,1
0.2931399332682292,5.9791503282377505,0.3438168168067932,10.577891104602923,0.1,400,300,512,0.0,1
0.3779164225260417,8.10173512097299,0.4881960451602936,15.458846570558082,0.1,400,500,64,0.0,1
0.1334248250325521,3.463479263478295,0.18189404904842377,9.543965615684284,0.1,400,500,1024,0.0,1
0.42545589192708333,6.4327843249725705,0.5136350989341736,11.01317358381288,0.1,400,100,512,0.0,1
0.24124859619140626,6.405886452444295,0.3066132664680481,11.750140370486166,0.1,200,500,512,0.0,1
0.044690404256184896,2.3842277226308144,0.08397937566041946,9.092771846394193,0.1,200,900,8192,0.0,1
0.08542777506510417,3.223228779052075,0.11389785259962082,9.341497230200362,0.1,400,500,4096,0.0,1
0.07734236653645833,2.7436524962421043,0.09985686093568802,9.136677367603262,0.1,400,300,4096,0.0,1
0.1314480692545573,5.369872408771957,0.1664472222328186,12.213447423989356,0.1,400,900,256,0.0,1
0.3402820841471354,6.964801800211291,0.42214125394821167,11.362732720799398,0.1,200,100,1024,0.0,1
0.04850299580891927,2.291443151316432,0.07328905165195465,9.034022848279859,0.1,400,900,8192,0.0,1
0.23605265299479167,9.407475457090234,0.29130885004997253,17.099886578322625,0.1,600,700,64,0.0,1
0.21311942545572918,10.139592149094709,0.2615886330604553,15.647557739932186,0.1,400,300,128,0.0,1
0.35948856608072915,9.224595233318743,0.4778638184070587,13.498425278017042,0.1,600,300,64,0.0,1
0.1357295633951823,4.191933200861708,0.20105373859405518,9.757298686547855,0.1,400,900,2048,0.0,1
0.060506139119466146,2.7555264351408777,0.09885502606630325,9.059926051493175,0.1,400,300,8192,0.0,1
0.07377875264485677,3.872476010707884,0.10715299099683762,9.503664203098802,0.1,400,300,2048,0.0,1
0.12946604410807291,2.971677546076334,0.1700865924358368,9.329700270625251,0.1,400,900,1024,0.0,1
0.11452982584635417,4.0505651895543435,0.16419506072998047,10.603600669652883,0.1,400,500,512,0.0,1
0.230834716796875,5.458571657167247,0.2899988293647766,10.336122013142027,0.1,200,300,512,0.0,1
0.10054037475585938,3.5901203811682123,0.15006308257579803,9.4005870696614,0.1,400,700,512,0.0,1
0.0947242431640625,3.393945078687455,0.1371505707502365,9.33590129304048,0.1,400,500,2048,0.0,1
0.17050410970052082,5.53818390011168,0.24008171260356903,11.033718603729874,0.1,200,900,256,0.0,1
0.5218824869791666,11.369539658213116,0.7409946918487549,15.201979933064043,0.1,600,500,64,0.0,1
0.245893798828125,8.505940787618506,0.28868919610977173,12.76053515606809,0.1,600,900,64,0.0,1
0.1526688435872396,8.33965627695512,0.19418354332447052,14.685597224872772,0.1,200,500,256,0.0,1
0.11069105021158854,3.496047371331885,0.17111416161060333,9.32592131607158,0.1,200,300,8192,0.0,1
0.35637882486979167,9.46969376728477,0.45359688997268677,13.791068818645464,0.1,600,100,128,0.0,1
0.25623494466145835,6.697029398419433,0.32958510518074036,13.333254984677358,0.1,600,500,128,0.0,1
0.20298909505208335,4.3612614081405505,0.2473914474248886,9.658439308341803,0.1,600,300,512,0.0,1
0.16233812459309896,6.135327897613918,0.2280484288930893,11.460916902975468,0.1,600,900,256,0.0,1
0.1553049519856771,5.467930409056776,0.19791357219219208,11.566937329125098,0.1,600,700,256,0.0,1
0.3130974934895833,12.466273376392824,0.388835072517395,17.941758941480206,0.1,600,100,64,0.0,1
0.08810648600260416,3.503153017099612,0.13551925122737885,9.72383247803344,0.1,600,700,1024,0.0,1
0.049951497395833336,2.8485396826818548,0.07665453851222992,9.253288418868557,0.1,600,700,4096,0.0,1
0.353800537109375,11.165238728977029,0.4225504398345947,14.806515874845743,0.1,600,100,256,0.0,1
0.264273193359375,7.145926220836742,0.3395111858844757,14.056766345356442,0.1,400,900,64,0.0,1
0.2787888997395833,10.4951486584739,0.3238529562950134,16.171106236524686,0.1,400,700,64,0.0,1
0.15931717936197917,9.083866039842198,0.17439356446266174,13.204389109436145,0.1,600,100,1024,0.0,1
0.2000545450846354,7.7874222174195955,0.2522529661655426,14.010834490574208,0.1,600,900,128,0.0,1
0.040664332071940104,2.1990934301470326,0.06972698867321014,8.99736100965936,0.1,400,500,8192,0.0,1
0.15693787638346354,3.3956289172423815,0.1865972876548767,9.225888979698546,0.1,600,100,4096,0.0,1
0.06511155192057291,2.587385568024323,0.09640036523342133,9.227092705294059,0.1,400,700,4096,0.0,1
0.13998279825846355,5.32686345731971,0.1807059645652771,9.997020983673474,0.1,600,500,1024,0.0,1
0.4457110595703125,9.824081463311806,0.5267812013626099,13.654429252266,0.1,600,100,512,0.0,1
0.16895663452148438,7.100354637811541,0.20203641057014465,11.461813820474067,0.1,600,300,1024,0.0,1
0.16643118286132813,7.061444826691991,0.23701907694339752,12.480495519864885,0.1,800,300,128,0.0,1
0.22732051595052083,9.44378982624631,0.2773136794567108,13.36029092533077,0.1,800,300,256,0.0,1
0.13257830810546875,4.385444513292559,0.16793958842754364,10.83568425134754,0.1,600,700,512,0.0,1
0.07894014485677084,2.5186016548724885,0.10200020670890808,9.03028655968467,0.1,600,300,8192,0.0,1
0.3446436360677083,8.726563525325563,0.4012046158313751,12.918596866909827,0.1,1000,100,512,0.0,1
0.26495235188802085,12.116677525882604,0.3289698660373688,16.23996665428228,0.1,800,300,512,0.0,1
0.03820512898763021,2.4504333597763357,0.054814472794532776,9.024368725357744,0.1,800,500,8192,0.0,1
0.13874927775065105,2.8806382263726213,0.1582520455121994,9.194958865089367,0.1,800,300,4096,0.0,1
0.19769840494791666,6.384131834858801,0.23951108753681183,12.45609296161513,0.1,600,500,256,0.0,1
0.039631149291992185,3.4970144071644693,0.05643925070762634,9.345156187317293,0.1,1000,500,4096,0.0,1
0.21242893473307292,3.165254815693724,0.24443024396896362,9.19479436854058,0.1,1000,100,2048,0.0,1
0.19865987141927083,8.664812460442539,0.22951483726501465,12.70199254560273,0.1,600,300,256,0.0,1
0.07885810343424479,3.036919261093483,0.11929072439670563,9.291747066430915,0.1,600,700,2048,0.0,1
0.1713743896484375,7.870614275512704,0.21473559737205505,12.659465896656998,0.1,1000,700,1024,0.0,1
0.05111638895670573,2.401405258963497,0.07994911074638367,9.04159520481354,0.1,400,700,8192,0.0,1
0.11541408284505209,3.4449092163950943,0.16189193725585938,9.327417296875446,0.1,800,900,2048,0.0,1
0.23236735026041666,10.698753109639519,0.2844509482383728,16.09071516320395,0.1,1000,500,64,0.0,1
0.4177714436848958,11.7694551194919,0.5418878793716431,14.963355247854034,0.1,800,100,256,0.0,1
0.1671519571940104,8.296584632276723,0.21914884448051453,15.509253199328851,0.1,1000,700,256,0.0,1
0.14881949869791666,7.430659310144715,0.1731693595647812,12.814323398439438,0.1,1000,700,128,0.0,1
0.296495361328125,8.277214118565027,0.41803184151649475,14.022489462043918,0.1,800,500,128,0.0,1
0.2598998616536458,7.709910071549818,0.3113018274307251,14.890783840701742,0.1,600,700,128,0.0,1
0.10697635904947916,3.257837712988057,0.15278805792331696,9.14128767209684,0.1,500,800,2048,0.1,2
0.5010640055338542,10.928426534356499,0.6389493346214294,14.034873032280585,0.1,800,100,64,0.0,1
0.17165437825520832,9.323735906681645,0.2267843782901764,16.067896775992534,0.1,400,500,256,0.0,1
0.20787373860677083,7.743508021266464,0.2534595727920532,12.404321301012045,0.1,600,500,512,0.0,1
0.2161198527018229,5.185827379113574,0.28955790400505066,10.337341133086152,0.1,500,800,8192,0.25,3
0.21946555582682292,6.951495059745772,0.2555812895298004,11.729132197613767,0.1,800,500,1024,0.0,1
0.11772271728515625,3.740769087519235,0.16142606735229492,9.67924305451785,0.1,800,900,512,0.0,1
0.03650393676757813,2.3014342263445995,0.05871133133769035,9.095254694275512,0.1,600,900,8192,0.0,1
0.0903689676920573,2.595235758817126,0.11467167735099792,9.106801604035558,0.1,600,500,4096,0.0,1
0.056056691487630206,3.439763339626646,0.07945781201124191,9.249639782653874,0.1,500,800,4096,0.2,2
0.4360312093098958,10.267759153703832,0.5419471263885498,14.868578175076362,0.1,800,100,128,0.0,1
0.13653570556640626,4.647771148115012,0.1816767305135727,9.931925136243152,0.1,500,800,2048,0.25,2
0.15442818196614583,6.892685789794506,0.2434632033109665,12.958706571351545,0.1,500,800,8192,0.25,4
0.17548543294270832,5.2963527842105975,0.21200232207775116,10.1613260644888,0.1,1000,300,2048,0.0,1
0.0703743642171224,2.9515068799042354,0.08617140352725983,9.337731823797078,0.1,600,900,4096,0.0,1
0.050263448079427085,4.469957221226566,0.06612809747457504,9.950279037448857,0.1,1000,300,4096,0.0,1
0.16277091471354166,7.356635612172403,0.1929394155740738,11.632780502323087,0.1,1000,900,128,0.0,1
0.14234813435872395,4.562331280642281,0.19469933211803436,11.073928714101564,0.1,800,900,256,0.0,1
0.14651524861653645,8.458372604581813,0.18805597722530365,15.439412783777367,0.1,800,500,256,0.0,1
0.20161201985677082,6.495322159915867,0.266988068819046,10.968225206660545,0.1,500,800,4096,0.15,4
0.30776949055989583,5.659047430913274,0.35299837589263916,10.492974227263701,0.1,400,100,8192,0.0,1
0.3652947998046875,11.207535150603057,0.447785347700119,15.517913934790386,0.1,1000,100,64,0.0,1
0.14835012817382812,8.067833481628911,0.196986585855484,12.087969364839159,0.1,800,500,512,0.0,1
0.12494797770182292,3.6827081102561197,0.1407141238451004,9.418194270710611,0.1,500,800,8192,0.15,2
0.20471337890625,4.298451814918315,0.2567971348762512,9.621880102769431,0.1,500,800,2048,0.2,2
0.0823465576171875,4.638110251618192,0.12373296916484833,9.794188450361187,0.1,800,300,2048,0.0,1
0.2536921183268229,5.52474585721619,0.32265204191207886,11.213765567216505,0.1,500,800,8192,0.1,4
0.31184248860677083,8.99243360296148,0.3871687650680542,13.83298493069028,0.1,1000,500,128,0.0,1
0.19791532389322916,4.445853502891558,0.22613869607448578,9.695352299387887,0.1,800,100,8192,0.0,1
0.05998043823242188,3.1660218764355887,0.0778944119811058,9.360583340078943,0.1,800,900,4096,0.0,1
0.07607677205403646,3.833729416419697,0.12171399593353271,9.410918327636447,0.1,1000,700,2048,0.0,1
0.19828409830729166,3.928637239844446,0.255774587392807,9.738537276788877,0.1,200,500,1024,0.0,1
0.3845769856770833,6.382971037789897,0.4931187033653259,11.558415164756775,0.1,500,800,2048,0.1,3
0.16166095987955728,5.5767743612305205,0.21066726744174957,10.792304369210362,0.1,1000,500,512,0.0,1
0.04111813100179036,2.3839031417935335,0.06384136527776718,9.096410651705803,0.1,600,500,8192,0.0,1
0.2908409627278646,5.760968638525085,0.38969460129737854,11.102162034622006,0.1,100,800,2048,0.2,3
0.207815185546875,7.717074557384492,0.30025652050971985,13.119055672059726,0.1,500,800,2048,0.3,4
0.21500089518229168,3.313515998178038,0.2649362087249756,9.395135455887152,0.1,600,500,2048,0.0,1
0.178223876953125,6.023941218194148,0.2569746673107147,11.833514294699349,0.1,500,800,8192,0.15,4
0.07234709676106771,2.9773054654445152,0.08875184506177902,9.228756807372179,0.1,800,700,4096,0.0,1
0.20414994303385417,5.814998920465159,0.2960718274116516,11.794660020116986,0.1,100,800,2048,0.1,4
0.27265494791666667,8.647764599105814,0.36674442887306213,13.584216959660676,0.1,800,700,64,0.0,1
0.29190388997395833,11.77591814479509,0.32861456274986267,14.863065456036692,0.1,1000,900,64,0.0,1
0.2662328694661458,11.645334823087735,0.31423619389533997,16.48562134870333,0.1,800,900,64,0.0,1
0.056412353515625,2.706453534368748,0.07672224193811417,9.157132100842789,0.1,600,300,4096,0.0,1
0.11137376912434896,4.2908054472706745,0.13591702282428741,9.766524461332713,0.1,500,800,8192,0.25,2
0.11082069905598958,7.65848114990155,0.16438710689544678,12.44611027361414,0.1,600,900,1024,0.0,1
0.03182064819335938,2.1816703030128988,0.052192606031894684,9.031644456430994,0.1,800,900,8192,0.0,1
0.1932059326171875,6.363831954362743,0.2873345613479614,12.667129920594158,0.1,100,800,2048,0.3,3
0.14641440836588543,6.699833055874543,0.20924919843673706,10.95341374376856,0.1,1000,300,512,0.0,1
0.5487090657552083,8.133206725412856,0.6719017624855042,12.136289086704062,0.1,400,100,256,0.0,1
0.14357379150390626,5.344968949003126,0.23374639451503754,10.892287032739194,0.1,500,800,2048,0.2,3
0.426936279296875,10.098470288401204,0.5299169421195984,14.176677954635228,0.1,800,500,64,0.0,1
0.204484375,4.2737231126915765,0.24232789874076843,9.631608508554258,0.1,1000,300,1024,0.0,1
0.12084517415364583,3.164798939365856,0.14045165479183197,9.132120283234695,0.1,1000,100,4096,0.0,1
0.07796389770507813,3.8711862664399,0.12627743184566498,9.560586475943344,0.1,600,900,2048,0.0,1
0.0958311767578125,3.5231986191016604,0.11120931804180145,9.333207632430438,0.1,500,800,8192,0.2,2
0.14341597493489583,7.577493414206567,0.18206042051315308,12.037562913190596,0.1,1000,500,256,0.0,1
0.1733445841471354,3.522146763424624,0.2152288854122162,9.330780832520974,0.1,500,800,2048,0.15,2
0.19248258463541668,4.084739327607911,0.2497347593307495,9.367990361635885,0.1,500,800,8192,0.1,3
0.17639689127604166,6.881833058838728,0.23706641793251038,14.69540224357352,0.1,1000,900,256,0.0,1
0.1585897928873698,5.502649029018951,0.2263113111257553,10.436554353940899,0.1,500,800,4096,0.2,3
0.2132628173828125,7.824733579641219,0.2740478217601776,15.09577248035542,0.1,800,700,128,0.0,1
0.35671516927083335,9.592590516327625,0.4601687490940094,15.617149493059765,0.1,500,800,2048,0.25,3
0.13309075927734376,3.95400081452763,0.2083698958158493,9.378561961670385,0.1,100,800,2048,0.1,2
0.22290386962890624,6.576268171805801,0.30866739153862,11.357690405489386,0.1,500,800,4096,0.3,3
0.20939556884765625,5.015469919912219,0.2482946813106537,10.054428088196794,0.1,800,300,1024,0.0,1
0.20193745930989584,9.193715967938331,0.24550165235996246,15.219245826325954,0.1,1000,300,128,0.0,1
0.2113173828125,5.82049149999467,0.30632027983665466,11.228325740550932,0.1,100,800,2048,0.25,3
0.2298729248046875,6.762968366702804,0.34153756499290466,11.843372804624135,0.1,500,800,4096,0.3,4
0.187117919921875,5.744531339271678,0.2772860527038574,11.85698953289293,0.1,100,800,2048,0.15,4
0.05709712727864583,3.3277352031257807,0.07551920413970947,9.384892203142993,0.1,800,500,4096,0.0,1
0.18618050130208333,3.9976807811498642,0.2470913827419281,10.008717033766,0.1,500,800,2048,0.3,2
0.12304597981770833,4.609672725736718,0.1995944231748581,9.949242578577246,0.1,500,800,4096,0.15,3
0.11236357625325522,2.842077941138389,0.13608132302761078,9.10489174585183,0.1,500,800,4096,0.1,2
0.06673684692382813,3.332165934192534,0.0839240550994873,9.416132613779062,0.1,500,800,8192,0.1,2
0.08741370646158854,4.284470664235583,0.12105998396873474,9.891843489550816,0.1,800,700,1024,0.0,1
0.26502956136067707,8.463956725683527,0.3492193818092346,13.386594882155093,0.1,800,300,64,0.0,1
0.14708797200520835,4.544025661109323,0.1785728633403778,9.761180609827528,0.1,500,800,4096,0.25,2
0.21383561197916667,7.405856455637487,0.2711258828639984,12.619294229070178,0.1,800,900,128,0.0,1
0.1568411153157552,7.81577357957434,0.1825868785381317,14.790890096175563,0.1,800,700,256,0.0,1
0.042006146748860676,2.1442083439870334,0.0661664679646492,8.979234798971266,0.1,800,300,8192,0.0,1
0.10233079020182291,4.3352168630791486,0.14226819574832916,12.839536069540783,0.1,1000,900,512,0.0,1
0.18563340250651042,8.252258509862427,0.25471603870391846,14.483333255459211,0.1,600,300,128,0.0,1
0.19701416015625,6.918442863891701,0.23821508884429932,13.233048126848937,0.1,600,900,512,0.0,1
0.206744873046875,7.821860139896938,0.24069704115390778,12.708012361634482,0.1,400,300,256,0.0,1
0.19214070638020833,5.070688870651431,0.2372792512178421,10.383626061273107,0.1,500,800,4096,0.1,3
0.23261187744140624,5.148196441362329,0.27646106481552124,10.126280414273822,0.1,500,800,8192,0.15,3
0.21055851236979167,4.879881629126698,0.30438846349716187,10.371291567466105,0.1,100,800,2048,0.3,2
0.05434161885579427,2.544571462632469,0.0751868188381195,9.105214111766639,0.1,600,700,8192,0.0,1
0.17862422688802082,3.700681189444271,0.2104807049036026,9.404069193447642,0.1,600,300,2048,0.0,1
0.03705602010091146,2.229701160078254,0.057523585855960846,8.963997702209982,0.1,1000,300,8192,0.0,1
0.045241923014322914,2.68661858577875,0.07352156192064285,9.214200295497193,0.1,400,900,4096,0.0,1
0.20087235514322915,4.6092919816985365,0.28398457169532776,10.594744956503622,0.1,100,800,2048,0.15,3
0.175712158203125,5.425249202293782,0.2820514142513275,11.246091376922523,0.1,500,800,2048,0.1,4
0.041412516276041665,2.4930529211497325,0.05719709023833275,9.034634138473985,0.1,1000,500,8192,0.0,1
0.10043495686848958,3.7721552771617093,0.12205664068460464,9.36265544415912,0.1,500,800,4096,0.15,2
0.3086605021158854,8.962558084705062,0.37122729420661926,13.039543125711678,0.1,800,100,1024,0.0,1
0.07322862752278646,2.6123901107134344,0.09145727008581161,9.190499833317906,0.1,1000,700,4096,0.0,1
0.22430232747395834,4.362815343653911,0.25604045391082764,9.784985284198763,0.1,800,100,2048,0.0,1
0.22493021647135417,4.9499354288712905,0.30286648869514465,10.599658992280894,0.1,100,800,2048,0.1,3
0.2650950927734375,6.590736163951217,0.3827066719532013,12.089631880594277,0.1,100,800,2048,0.3,4
0.17033084106445312,4.156839168986499,0.19316796958446503,9.531978453378645,0.1,1000,100,8192,0.0,1
0.08938115437825521,4.013595195942735,0.12987013161182404,9.714195494934277,0.1,800,700,2048,0.0,1
0.20549981689453126,6.662659025517482,0.3048466145992279,12.379103164501299,0.1,100,800,2048,0.25,4
0.2498673095703125,7.9056467965915855,0.2784692049026489,14.091838156210308,0.1,1000,300,256,0.0,1
0.30880242919921874,6.938155216687961,0.35998213291168213,11.053692272182477,0.1,1000,100,128,0.0,1
0.03849496714274089,2.1905224178263274,0.05416743829846382,8.992958264708653,0.1,1000,900,8192,0.0,1
0.1886942138671875,4.348596778425094,0.25881755352020264,9.991892704327096,0.1,100,800,2048,0.15,2
0.17436909993489583,3.790587803906093,0.19877460598945618,9.46520568632019,0.1,500,800,4096,0.3,2
0.07445210774739583,2.9149089443537117,0.09050796926021576,9.196611629731356,0.1,1000,900,4096,0.0,1
0.07860516866048177,3.8218209395594593,0.13068519532680511,10.322964215643555,0.1,1000,900,1024,0.0,1
0.5283628743489583,7.082279297219358,0.6251283884048462,11.718223674893853,0.1,1000,100,256,0.0,1
0.2646997273763021,7.290705997187436,0.35700905323028564,13.445724291866505,0.1,500,800,2048,0.25,4
0.03257451883951823,2.1885254632800666,0.04627621918916702,9.032860962663493,0.1,800,700,8192,0.0,1
0.07723927815755208,3.0956373785639517,0.12249570339918137,9.311296435391975,0.1,1000,900,2048,0.0,1
0.26660898844401043,6.194280664778774,0.35908669233322144,10.829759641081727,0.1,500,800,2048,0.15,3
0.22718115234375,9.069071323607625,0.25904038548469543,15.128432811665649,0.1,1000,700,64,0.0,1
0.1896914265950521,6.26410735749502,0.29523295164108276,12.047559108330939,0.1,500,800,4096,0.25,4
0.1416739705403646,5.82917908739513,0.1660090833902359,10.636793488092694,0.1,600,100,2048,0.0,1
0.2715660400390625,5.8606609090817665,0.34984758496284485,10.985867218036768,0.1,500,800,4096,0.25,3
0.24867376708984376,6.4409326418987956,0.34483566880226135,12.269107320454339,0.1,100,800,2048,0.2,4
0.08336564636230469,3.198902422496172,0.1189284473657608,9.185815552416933,0.1,800,900,1024,0.0,1
0.11979733276367187,4.120016680225661,0.15602439641952515,9.566349242707266,0.1,1000,500,1024,0.0,1
0.389567626953125,10.094272771127535,0.45144718885421753,14.412525588001794,0.1,800,100,512,0.0,1
0.18628299967447917,4.438453169400556,0.2326502948999405,9.857365524968595,0.1,500,800,8192,0.2,3
0.18626070149739582,6.3632895913246195,0.26029303669929504,12.324982249374584,0.1,500,800,4096,0.2,4
0.19829182942708334,6.845422688311737,0.2889297902584076,12.165903589746828,0.1,500,800,2048,0.15,4
0.15029947916666667,7.082450199368564,0.1961883306503296,11.49419672149733,0.1,800,700,512,0.0,1
0.04174924977620443,2.0555792152441437,0.05604442209005356,9.000541907157787,0.1,1000,700,8192,0.0,1
0.2004688517252604,4.144298664653792,0.3090397119522095,9.529332206885451,0.1,100,800,2048,0.2,2
0.46876847330729166,10.376492416252548,0.577328085899353,16.01561749721367,0.1,1000,300,64,0.0,1
0.09341219075520833,3.3856995799367886,0.13321058452129364,9.763139373671931,0.1,1000,700,512,0.0,1
0.2045499064127604,6.375776874042399,0.29836270213127136,11.634628291872133,0.1,500,800,2048,0.2,4
0.2141006876627604,5.959321203538222,0.2899141013622284,11.561728251044475,0.1,500,800,2048,0.3,3
0.12190803019205729,3.3220445577976245,0.14949433505535126,9.197834870471105,0.1,800,100,4096,0.0,1
0.11882183837890625,3.232647174958847,0.14801453053951263,9.272688907146442,0.1,800,500,2048,0.0,1
0.1789549560546875,4.709843682124686,0.2692531943321228,10.180235445136422,0.1,100,800,2048,0.25,2
0.12150333658854166,3.227060127704425,0.14931069314479828,9.260793871846488,0.1,1000,500,2048,0.0,1
0.411061279296875,10.832133854603772,0.48766446113586426,14.749070842111358,0.1,1000,100,1024,0.0,1
0.13780460611979167,6.451460478101582,0.22033986449241638,11.88190355866659,0.1,500,800,8192,0.2,4
0.18540901692708334,4.632842353886691,0.26247838139533997,10.012645927303595,0.1,500,800,8192,0.3,3
0.2265533447265625,7.189087877716705,0.29814547300338745,13.129047286875567,0.1,500,800,8192,0.3,4
0.19751312255859374,6.7516047332934015,0.25465282797813416,11.836744002524615,0.1,500,800,4096,0.1,4
0.23868965657552083,5.032239807625739,0.27346235513687134,10.084131443818928,0.1,600,100,8192,0.0,1
0.08195331827799479,3.5986011105110167,0.1045665368437767,9.337216422837951,0.1,500,800,8192,0.3,2
