hidden_dim, batch_size, n_epochs, dropout
4, 16, 400, 0.2
4, 16, 400, 0.4
4, 16, 400, 0.6
4, 16, 600, 0.2
4, 16, 600, 0.4
4, 16, 600, 0.6
4, 16, 800, 0.2
4, 16, 800, 0.4
4, 16, 800, 0.6
4, 16, 1000, 0.2
4, 16, 1000, 0.4
4, 16, 1000, 0.6
4, 32, 400, 0.2
4, 32, 400, 0.4
4, 32, 400, 0.6
4, 32, 600, 0.2
4, 32, 600, 0.4
4, 32, 600, 0.6
4, 32, 800, 0.2
4, 32, 800, 0.4
4, 32, 800, 0.6
4, 32, 1000, 0.2
4, 32, 1000, 0.4
4, 32, 1000, 0.6
4, 64, 400, 0.2
4, 64, 400, 0.4
4, 64, 400, 0.6
4, 64, 600, 0.2
4, 64, 600, 0.4
4, 64, 600, 0.6
4, 64, 800, 0.2
4, 64, 800, 0.4
4, 64, 800, 0.6
4, 64, 1000, 0.2
4, 64, 1000, 0.4
4, 64, 1000, 0.6
4, 128, 400, 0.2
4, 128, 400, 0.4
4, 128, 400, 0.6
4, 128, 600, 0.2
4, 128, 600, 0.4
4, 128, 600, 0.6
4, 128, 800, 0.2
4, 128, 800, 0.4
4, 128, 800, 0.6
4, 128, 1000, 0.2
4, 128, 1000, 0.4
4, 128, 1000, 0.6
4, 256, 400, 0.2
4, 256, 400, 0.4
4, 256, 400, 0.6
4, 256, 600, 0.2
4, 256, 600, 0.4
4, 256, 600, 0.6
4, 256, 800, 0.2
4, 256, 800, 0.4
4, 256, 800, 0.6
4, 256, 1000, 0.2
4, 256, 1000, 0.4
4, 256, 1000, 0.6
4, 512, 400, 0.2
4, 512, 400, 0.4
4, 512, 400, 0.6
4, 512, 600, 0.2
4, 512, 600, 0.4
4, 512, 600, 0.6
4, 512, 800, 0.2
4, 512, 800, 0.4
4, 512, 800, 0.6
4, 512, 1000, 0.2
4, 512, 1000, 0.4
4, 512, 1000, 0.6
4, 1024, 400, 0.2
4, 1024, 400, 0.4
4, 1024, 400, 0.6
4, 1024, 600, 0.2
4, 1024, 600, 0.4
4, 1024, 600, 0.6
4, 1024, 800, 0.2
4, 1024, 800, 0.4
4, 1024, 800, 0.6
4, 1024, 1000, 0.2
4, 1024, 1000, 0.4
4, 1024, 1000, 0.6
4, 2048, 400, 0.2
4, 2048, 400, 0.4
4, 2048, 400, 0.6
4, 2048, 600, 0.2
4, 2048, 600, 0.4
4, 2048, 600, 0.6
4, 2048, 800, 0.2
4, 2048, 800, 0.4
4, 2048, 800, 0.6
4, 2048, 1000, 0.2
4, 2048, 1000, 0.4
4, 2048, 1000, 0.6
4, 4096, 400, 0.2
4, 4096, 400, 0.4
4, 4096, 400, 0.6
4, 4096, 600, 0.2
4, 4096, 600, 0.4
4, 4096, 600, 0.6
4, 4096, 800, 0.2
4, 4096, 800, 0.4
4, 4096, 800, 0.6
4, 4096, 1000, 0.2
4, 4096, 1000, 0.4
4, 4096, 1000, 0.6
4, 8192, 400, 0.2
4, 8192, 400, 0.4
4, 8192, 400, 0.6
4, 8192, 600, 0.2
4, 8192, 600, 0.4
4, 8192, 600, 0.6
4, 8192, 800, 0.2
4, 8192, 800, 0.4
4, 8192, 800, 0.6
4, 8192, 1000, 0.2
4, 8192, 1000, 0.4
4, 8192, 1000, 0.6
8, 16, 400, 0.2
8, 16, 400, 0.4
8, 16, 400, 0.6
8, 16, 600, 0.2
8, 16, 600, 0.4
8, 16, 600, 0.6
8, 16, 800, 0.2
8, 16, 800, 0.4
8, 16, 800, 0.6
8, 16, 1000, 0.2
8, 16, 1000, 0.4
8, 16, 1000, 0.6
8, 32, 400, 0.2
8, 32, 400, 0.4
8, 32, 400, 0.6
8, 32, 600, 0.2
8, 32, 600, 0.4
8, 32, 600, 0.6
8, 32, 800, 0.2
8, 32, 800, 0.4
8, 32, 800, 0.6
8, 32, 1000, 0.2
8, 32, 1000, 0.4
8, 32, 1000, 0.6
8, 64, 400, 0.2
8, 64, 400, 0.4
8, 64, 400, 0.6
8, 64, 600, 0.2
8, 64, 600, 0.4
8, 64, 600, 0.6
8, 64, 800, 0.2
8, 64, 800, 0.4
8, 64, 800, 0.6
8, 64, 1000, 0.2
8, 64, 1000, 0.4
8, 64, 1000, 0.6
8, 128, 400, 0.2
8, 128, 400, 0.4
8, 128, 400, 0.6
8, 128, 600, 0.2
8, 128, 600, 0.4
8, 128, 600, 0.6
8, 128, 800, 0.2
8, 128, 800, 0.4
8, 128, 800, 0.6
8, 128, 1000, 0.2
8, 128, 1000, 0.4
8, 128, 1000, 0.6
8, 256, 400, 0.2
8, 256, 400, 0.4
8, 256, 400, 0.6
8, 256, 600, 0.2
8, 256, 600, 0.4
8, 256, 600, 0.6
8, 256, 800, 0.2
8, 256, 800, 0.4
8, 256, 800, 0.6
8, 256, 1000, 0.2
8, 256, 1000, 0.4
8, 256, 1000, 0.6
8, 512, 400, 0.2
8, 512, 400, 0.4
8, 512, 400, 0.6
8, 512, 600, 0.2
8, 512, 600, 0.4
8, 512, 600, 0.6
8, 512, 800, 0.2
8, 512, 800, 0.4
8, 512, 800, 0.6
8, 512, 1000, 0.2
8, 512, 1000, 0.4
8, 512, 1000, 0.6
8, 1024, 400, 0.2
8, 1024, 400, 0.4
8, 1024, 400, 0.6
8, 1024, 600, 0.2
8, 1024, 600, 0.4
8, 1024, 600, 0.6
8, 1024, 800, 0.2
8, 1024, 800, 0.4
8, 1024, 800, 0.6
8, 1024, 1000, 0.2
8, 1024, 1000, 0.4
8, 1024, 1000, 0.6
8, 2048, 400, 0.2
8, 2048, 400, 0.4
8, 2048, 400, 0.6
8, 2048, 600, 0.2
8, 2048, 600, 0.4
8, 2048, 600, 0.6
8, 2048, 800, 0.2
8, 2048, 800, 0.4
8, 2048, 800, 0.6
8, 2048, 1000, 0.2
8, 2048, 1000, 0.4
8, 2048, 1000, 0.6
8, 4096, 400, 0.2
8, 4096, 400, 0.4
8, 4096, 400, 0.6
8, 4096, 600, 0.2
8, 4096, 600, 0.4
8, 4096, 600, 0.6
8, 4096, 800, 0.2
8, 4096, 800, 0.4
8, 4096, 800, 0.6
8, 4096, 1000, 0.2
8, 4096, 1000, 0.4
8, 4096, 1000, 0.6
8, 8192, 400, 0.2
8, 8192, 400, 0.4
8, 8192, 400, 0.6
8, 8192, 600, 0.2
8, 8192, 600, 0.4
8, 8192, 600, 0.6
8, 8192, 800, 0.2
8, 8192, 800, 0.4
8, 8192, 800, 0.6
8, 8192, 1000, 0.2
8, 8192, 1000, 0.4
8, 8192, 1000, 0.6
12, 16, 400, 0.2
12, 16, 400, 0.4
12, 16, 400, 0.6
12, 16, 600, 0.2
12, 16, 600, 0.4
12, 16, 600, 0.6
12, 16, 800, 0.2
12, 16, 800, 0.4
12, 16, 800, 0.6
12, 16, 1000, 0.2
12, 16, 1000, 0.4
12, 16, 1000, 0.6
12, 32, 400, 0.2
12, 32, 400, 0.4
12, 32, 400, 0.6
12, 32, 600, 0.2
12, 32, 600, 0.4
12, 32, 600, 0.6
12, 32, 800, 0.2
12, 32, 800, 0.4
12, 32, 800, 0.6
12, 32, 1000, 0.2
12, 32, 1000, 0.4
12, 32, 1000, 0.6
12, 64, 400, 0.2
12, 64, 400, 0.4
12, 64, 400, 0.6
12, 64, 600, 0.2
12, 64, 600, 0.4
12, 64, 600, 0.6
12, 64, 800, 0.2
12, 64, 800, 0.4
12, 64, 800, 0.6
12, 64, 1000, 0.2
12, 64, 1000, 0.4
12, 64, 1000, 0.6
12, 128, 400, 0.2
12, 128, 400, 0.4
12, 128, 400, 0.6
12, 128, 600, 0.2
12, 128, 600, 0.4
12, 128, 600, 0.6
12, 128, 800, 0.2
12, 128, 800, 0.4
12, 128, 800, 0.6
12, 128, 1000, 0.2
12, 128, 1000, 0.4
12, 128, 1000, 0.6
12, 256, 400, 0.2
12, 256, 400, 0.4
12, 256, 400, 0.6
12, 256, 600, 0.2
12, 256, 600, 0.4
12, 256, 600, 0.6
12, 256, 800, 0.2
12, 256, 800, 0.4
12, 256, 800, 0.6
12, 256, 1000, 0.2
12, 256, 1000, 0.4
12, 256, 1000, 0.6
12, 512, 400, 0.2
12, 512, 400, 0.4
12, 512, 400, 0.6
12, 512, 600, 0.2
12, 512, 600, 0.4
12, 512, 600, 0.6
12, 512, 800, 0.2
12, 512, 800, 0.4
12, 512, 800, 0.6
12, 512, 1000, 0.2
12, 512, 1000, 0.4
12, 512, 1000, 0.6
12, 1024, 400, 0.2
12, 1024, 400, 0.4
12, 1024, 400, 0.6
12, 1024, 600, 0.2
12, 1024, 600, 0.4
12, 1024, 600, 0.6
12, 1024, 800, 0.2
12, 1024, 800, 0.4
12, 1024, 800, 0.6
12, 1024, 1000, 0.2
12, 1024, 1000, 0.4
12, 1024, 1000, 0.6
12, 2048, 400, 0.2
12, 2048, 400, 0.4
12, 2048, 400, 0.6
12, 2048, 600, 0.2
12, 2048, 600, 0.4
12, 2048, 600, 0.6
12, 2048, 800, 0.2
12, 2048, 800, 0.4
12, 2048, 800, 0.6
12, 2048, 1000, 0.2
12, 2048, 1000, 0.4
12, 2048, 1000, 0.6
12, 4096, 400, 0.2
12, 4096, 400, 0.4
12, 4096, 400, 0.6
12, 4096, 600, 0.2
12, 4096, 600, 0.4
12, 4096, 600, 0.6
12, 4096, 800, 0.2
12, 4096, 800, 0.4
12, 4096, 800, 0.6
12, 4096, 1000, 0.2
12, 4096, 1000, 0.4
12, 4096, 1000, 0.6
12, 8192, 400, 0.2
12, 8192, 400, 0.4
12, 8192, 400, 0.6
12, 8192, 600, 0.2
12, 8192, 600, 0.4
12, 8192, 600, 0.6
12, 8192, 800, 0.2
12, 8192, 800, 0.4
12, 8192, 800, 0.6
12, 8192, 1000, 0.2
12, 8192, 1000, 0.4
12, 8192, 1000, 0.6
16, 16, 400, 0.2
16, 16, 400, 0.4
16, 16, 400, 0.6
16, 16, 600, 0.2
16, 16, 600, 0.4
16, 16, 600, 0.6
16, 16, 800, 0.2
16, 16, 800, 0.4
16, 16, 800, 0.6
16, 16, 1000, 0.2
16, 16, 1000, 0.4
16, 16, 1000, 0.6
16, 32, 400, 0.2
16, 32, 400, 0.4
16, 32, 400, 0.6
16, 32, 600, 0.2
16, 32, 600, 0.4
16, 32, 600, 0.6
16, 32, 800, 0.2
16, 32, 800, 0.4
16, 32, 800, 0.6
16, 32, 1000, 0.2
16, 32, 1000, 0.4
16, 32, 1000, 0.6
16, 64, 400, 0.2
16, 64, 400, 0.4
16, 64, 400, 0.6
16, 64, 600, 0.2
16, 64, 600, 0.4
16, 64, 600, 0.6
16, 64, 800, 0.2
16, 64, 800, 0.4
16, 64, 800, 0.6
16, 64, 1000, 0.2
16, 64, 1000, 0.4
16, 64, 1000, 0.6
16, 128, 400, 0.2
16, 128, 400, 0.4
16, 128, 400, 0.6
16, 128, 600, 0.2
16, 128, 600, 0.4
16, 128, 600, 0.6
16, 128, 800, 0.2
16, 128, 800, 0.4
16, 128, 800, 0.6
16, 128, 1000, 0.2
16, 128, 1000, 0.4
16, 128, 1000, 0.6
16, 256, 400, 0.2
16, 256, 400, 0.4
16, 256, 400, 0.6
16, 256, 600, 0.2
16, 256, 600, 0.4
16, 256, 600, 0.6
16, 256, 800, 0.2
16, 256, 800, 0.4
16, 256, 800, 0.6
16, 256, 1000, 0.2
16, 256, 1000, 0.4
16, 256, 1000, 0.6
16, 512, 400, 0.2
16, 512, 400, 0.4
16, 512, 400, 0.6
16, 512, 600, 0.2
16, 512, 600, 0.4
16, 512, 600, 0.6
16, 512, 800, 0.2
16, 512, 800, 0.4
16, 512, 800, 0.6
16, 512, 1000, 0.2
16, 512, 1000, 0.4
16, 512, 1000, 0.6
16, 1024, 400, 0.2
16, 1024, 400, 0.4
16, 1024, 400, 0.6
16, 1024, 600, 0.2
16, 1024, 600, 0.4
16, 1024, 600, 0.6
16, 1024, 800, 0.2
16, 1024, 800, 0.4
16, 1024, 800, 0.6
16, 1024, 1000, 0.2
16, 1024, 1000, 0.4
16, 1024, 1000, 0.6
16, 2048, 400, 0.2
16, 2048, 400, 0.4
16, 2048, 400, 0.6
16, 2048, 600, 0.2
16, 2048, 600, 0.4
16, 2048, 600, 0.6
16, 2048, 800, 0.2
16, 2048, 800, 0.4
16, 2048, 800, 0.6
16, 2048, 1000, 0.2
16, 2048, 1000, 0.4
16, 2048, 1000, 0.6
16, 4096, 400, 0.2
16, 4096, 400, 0.4
16, 4096, 400, 0.6
16, 4096, 600, 0.2
16, 4096, 600, 0.4
16, 4096, 600, 0.6
16, 4096, 800, 0.2
16, 4096, 800, 0.4
16, 4096, 800, 0.6
16, 4096, 1000, 0.2
16, 4096, 1000, 0.4
16, 4096, 1000, 0.6
16, 8192, 400, 0.2
16, 8192, 400, 0.4
16, 8192, 400, 0.6
16, 8192, 600, 0.2
16, 8192, 600, 0.4
16, 8192, 600, 0.6
16, 8192, 800, 0.2
16, 8192, 800, 0.4
16, 8192, 800, 0.6
16, 8192, 1000, 0.2
16, 8192, 1000, 0.4
16, 8192, 1000, 0.6
20, 16, 400, 0.2
20, 16, 400, 0.4
20, 16, 400, 0.6
20, 16, 600, 0.2
20, 16, 600, 0.4
20, 16, 600, 0.6
20, 16, 800, 0.2
20, 16, 800, 0.4
20, 16, 800, 0.6
20, 16, 1000, 0.2
20, 16, 1000, 0.4
20, 16, 1000, 0.6
20, 32, 400, 0.2
20, 32, 400, 0.4
20, 32, 400, 0.6
20, 32, 600, 0.2
20, 32, 600, 0.4
20, 32, 600, 0.6
20, 32, 800, 0.2
20, 32, 800, 0.4
20, 32, 800, 0.6
20, 32, 1000, 0.2
20, 32, 1000, 0.4
20, 32, 1000, 0.6
20, 64, 400, 0.2
20, 64, 400, 0.4
20, 64, 400, 0.6
20, 64, 600, 0.2
20, 64, 600, 0.4
20, 64, 600, 0.6
20, 64, 800, 0.2
20, 64, 800, 0.4
20, 64, 800, 0.6
20, 64, 1000, 0.2
20, 64, 1000, 0.4
20, 64, 1000, 0.6
20, 128, 400, 0.2
20, 128, 400, 0.4
20, 128, 400, 0.6
20, 128, 600, 0.2
20, 128, 600, 0.4
20, 128, 600, 0.6
20, 128, 800, 0.2
20, 128, 800, 0.4
20, 128, 800, 0.6
20, 128, 1000, 0.2
20, 128, 1000, 0.4
20, 128, 1000, 0.6
20, 256, 400, 0.2
20, 256, 400, 0.4
20, 256, 400, 0.6
20, 256, 600, 0.2
20, 256, 600, 0.4
20, 256, 600, 0.6
20, 256, 800, 0.2
20, 256, 800, 0.4
20, 256, 800, 0.6
20, 256, 1000, 0.2
20, 256, 1000, 0.4
20, 256, 1000, 0.6
20, 512, 400, 0.2
20, 512, 400, 0.4
20, 512, 400, 0.6
20, 512, 600, 0.2
20, 512, 600, 0.4
20, 512, 600, 0.6
20, 512, 800, 0.2
20, 512, 800, 0.4
20, 512, 800, 0.6
20, 512, 1000, 0.2
20, 512, 1000, 0.4
20, 512, 1000, 0.6
20, 1024, 400, 0.2
20, 1024, 400, 0.4
20, 1024, 400, 0.6
20, 1024, 600, 0.2
20, 1024, 600, 0.4
20, 1024, 600, 0.6
20, 1024, 800, 0.2
20, 1024, 800, 0.4
20, 1024, 800, 0.6
20, 1024, 1000, 0.2
20, 1024, 1000, 0.4
20, 1024, 1000, 0.6
20, 2048, 400, 0.2
20, 2048, 400, 0.4
20, 2048, 400, 0.6
20, 2048, 600, 0.2
20, 2048, 600, 0.4
20, 2048, 600, 0.6
20, 2048, 800, 0.2
20, 2048, 800, 0.4
20, 2048, 800, 0.6
20, 2048, 1000, 0.2
20, 2048, 1000, 0.4
20, 2048, 1000, 0.6
20, 4096, 400, 0.2
20, 4096, 400, 0.4
20, 4096, 400, 0.6
20, 4096, 600, 0.2
20, 4096, 600, 0.4
20, 4096, 600, 0.6
20, 4096, 800, 0.2
20, 4096, 800, 0.4
20, 4096, 800, 0.6
20, 4096, 1000, 0.2
20, 4096, 1000, 0.4
20, 4096, 1000, 0.6
20, 8192, 400, 0.2
20, 8192, 400, 0.4
20, 8192, 400, 0.6
20, 8192, 600, 0.2
20, 8192, 600, 0.4
20, 8192, 600, 0.6
20, 8192, 800, 0.2
20, 8192, 800, 0.4
20, 8192, 800, 0.6
20, 8192, 1000, 0.2
20, 8192, 1000, 0.4
20, 8192, 1000, 0.6
24, 16, 400, 0.2
24, 16, 400, 0.4
24, 16, 400, 0.6
24, 16, 600, 0.2
24, 16, 600, 0.4
24, 16, 600, 0.6
24, 16, 800, 0.2
24, 16, 800, 0.4
24, 16, 800, 0.6
24, 16, 1000, 0.2
24, 16, 1000, 0.4
24, 16, 1000, 0.6
24, 32, 400, 0.2
24, 32, 400, 0.4
24, 32, 400, 0.6
24, 32, 600, 0.2
24, 32, 600, 0.4
24, 32, 600, 0.6
24, 32, 800, 0.2
24, 32, 800, 0.4
24, 32, 800, 0.6
24, 32, 1000, 0.2
24, 32, 1000, 0.4
24, 32, 1000, 0.6
24, 64, 400, 0.2
24, 64, 400, 0.4
24, 64, 400, 0.6
24, 64, 600, 0.2
24, 64, 600, 0.4
24, 64, 600, 0.6
24, 64, 800, 0.2
24, 64, 800, 0.4
24, 64, 800, 0.6
24, 64, 1000, 0.2
24, 64, 1000, 0.4
24, 64, 1000, 0.6
24, 128, 400, 0.2
24, 128, 400, 0.4
24, 128, 400, 0.6
24, 128, 600, 0.2
24, 128, 600, 0.4
24, 128, 600, 0.6
24, 128, 800, 0.2
24, 128, 800, 0.4
24, 128, 800, 0.6
24, 128, 1000, 0.2
24, 128, 1000, 0.4
24, 128, 1000, 0.6
24, 256, 400, 0.2
24, 256, 400, 0.4
24, 256, 400, 0.6
24, 256, 600, 0.2
24, 256, 600, 0.4
24, 256, 600, 0.6
24, 256, 800, 0.2
24, 256, 800, 0.4
24, 256, 800, 0.6
24, 256, 1000, 0.2
24, 256, 1000, 0.4
24, 256, 1000, 0.6
24, 512, 400, 0.2
24, 512, 400, 0.4
24, 512, 400, 0.6
24, 512, 600, 0.2
24, 512, 600, 0.4
24, 512, 600, 0.6
24, 512, 800, 0.2
24, 512, 800, 0.4
24, 512, 800, 0.6
24, 512, 1000, 0.2
24, 512, 1000, 0.4
24, 512, 1000, 0.6
24, 1024, 400, 0.2
24, 1024, 400, 0.4
24, 1024, 400, 0.6
24, 1024, 600, 0.2
24, 1024, 600, 0.4
24, 1024, 600, 0.6
24, 1024, 800, 0.2
24, 1024, 800, 0.4
24, 1024, 800, 0.6
24, 1024, 1000, 0.2
24, 1024, 1000, 0.4
24, 1024, 1000, 0.6
24, 2048, 400, 0.2
24, 2048, 400, 0.4
24, 2048, 400, 0.6
24, 2048, 600, 0.2
24, 2048, 600, 0.4
24, 2048, 600, 0.6
24, 2048, 800, 0.2
24, 2048, 800, 0.4
24, 2048, 800, 0.6
24, 2048, 1000, 0.2
24, 2048, 1000, 0.4
24, 2048, 1000, 0.6
24, 4096, 400, 0.2
24, 4096, 400, 0.4
24, 4096, 400, 0.6
24, 4096, 600, 0.2
24, 4096, 600, 0.4
24, 4096, 600, 0.6
24, 4096, 800, 0.2
24, 4096, 800, 0.4
24, 4096, 800, 0.6
24, 4096, 1000, 0.2
24, 4096, 1000, 0.4
24, 4096, 1000, 0.6
24, 8192, 400, 0.2
24, 8192, 400, 0.4
24, 8192, 400, 0.6
24, 8192, 600, 0.2
24, 8192, 600, 0.4
24, 8192, 600, 0.6
24, 8192, 800, 0.2
24, 8192, 800, 0.4
24, 8192, 800, 0.6
24, 8192, 1000, 0.2
24, 8192, 1000, 0.4
24, 8192, 1000, 0.6
32, 16, 400, 0.2
32, 16, 400, 0.4
32, 16, 400, 0.6
32, 16, 600, 0.2
32, 16, 600, 0.4
32, 16, 600, 0.6
32, 16, 800, 0.2
32, 16, 800, 0.4
32, 16, 800, 0.6
32, 16, 1000, 0.2
32, 16, 1000, 0.4
32, 16, 1000, 0.6
32, 32, 400, 0.2
32, 32, 400, 0.4
32, 32, 400, 0.6
32, 32, 600, 0.2
32, 32, 600, 0.4
32, 32, 600, 0.6
32, 32, 800, 0.2
32, 32, 800, 0.4
32, 32, 800, 0.6
32, 32, 1000, 0.2
32, 32, 1000, 0.4
32, 32, 1000, 0.6
32, 64, 400, 0.2
32, 64, 400, 0.4
32, 64, 400, 0.6
32, 64, 600, 0.2
32, 64, 600, 0.4
32, 64, 600, 0.6
32, 64, 800, 0.2
32, 64, 800, 0.4
32, 64, 800, 0.6
32, 64, 1000, 0.2
32, 64, 1000, 0.4
32, 64, 1000, 0.6
32, 128, 400, 0.2
32, 128, 400, 0.4
32, 128, 400, 0.6
32, 128, 600, 0.2
32, 128, 600, 0.4
32, 128, 600, 0.6
32, 128, 800, 0.2
32, 128, 800, 0.4
32, 128, 800, 0.6
32, 128, 1000, 0.2
32, 128, 1000, 0.4
32, 128, 1000, 0.6
32, 256, 400, 0.2
32, 256, 400, 0.4
32, 256, 400, 0.6
32, 256, 600, 0.2
32, 256, 600, 0.4
32, 256, 600, 0.6
32, 256, 800, 0.2
32, 256, 800, 0.4
32, 256, 800, 0.6
32, 256, 1000, 0.2
32, 256, 1000, 0.4
32, 256, 1000, 0.6
32, 512, 400, 0.2
32, 512, 400, 0.4
32, 512, 400, 0.6
32, 512, 600, 0.2
32, 512, 600, 0.4
32, 512, 600, 0.6
32, 512, 800, 0.2
32, 512, 800, 0.4
32, 512, 800, 0.6
32, 512, 1000, 0.2
32, 512, 1000, 0.4
32, 512, 1000, 0.6
32, 1024, 400, 0.2
32, 1024, 400, 0.4
32, 1024, 400, 0.6
32, 1024, 600, 0.2
32, 1024, 600, 0.4
32, 1024, 600, 0.6
32, 1024, 800, 0.2
32, 1024, 800, 0.4
32, 1024, 800, 0.6
32, 1024, 1000, 0.2
32, 1024, 1000, 0.4
32, 1024, 1000, 0.6
32, 2048, 400, 0.2
32, 2048, 400, 0.4
32, 2048, 400, 0.6
32, 2048, 600, 0.2
32, 2048, 600, 0.4
32, 2048, 600, 0.6
32, 2048, 800, 0.2
32, 2048, 800, 0.4
32, 2048, 800, 0.6
32, 2048, 1000, 0.2
32, 2048, 1000, 0.4
32, 2048, 1000, 0.6
32, 4096, 400, 0.2
32, 4096, 400, 0.4
32, 4096, 400, 0.6
32, 4096, 600, 0.2
32, 4096, 600, 0.4
32, 4096, 600, 0.6
32, 4096, 800, 0.2
32, 4096, 800, 0.4
32, 4096, 800, 0.6
32, 4096, 1000, 0.2
32, 4096, 1000, 0.4
32, 4096, 1000, 0.6
32, 8192, 400, 0.2
32, 8192, 400, 0.4
32, 8192, 400, 0.6
32, 8192, 600, 0.2
32, 8192, 600, 0.4
32, 8192, 600, 0.6
32, 8192, 800, 0.2
32, 8192, 800, 0.4
32, 8192, 800, 0.6
32, 8192, 1000, 0.2
32, 8192, 1000, 0.4
32, 8192, 1000, 0.6
40, 16, 400, 0.2
40, 16, 400, 0.4
40, 16, 400, 0.6
40, 16, 600, 0.2
40, 16, 600, 0.4
40, 16, 600, 0.6
40, 16, 800, 0.2
40, 16, 800, 0.4
40, 16, 800, 0.6
40, 16, 1000, 0.2
40, 16, 1000, 0.4
40, 16, 1000, 0.6
40, 32, 400, 0.2
40, 32, 400, 0.4
40, 32, 400, 0.6
40, 32, 600, 0.2
40, 32, 600, 0.4
40, 32, 600, 0.6
40, 32, 800, 0.2
40, 32, 800, 0.4
40, 32, 800, 0.6
40, 32, 1000, 0.2
40, 32, 1000, 0.4
40, 32, 1000, 0.6
40, 64, 400, 0.2
40, 64, 400, 0.4
40, 64, 400, 0.6
40, 64, 600, 0.2
40, 64, 600, 0.4
40, 64, 600, 0.6
40, 64, 800, 0.2
40, 64, 800, 0.4
40, 64, 800, 0.6
40, 64, 1000, 0.2
40, 64, 1000, 0.4
40, 64, 1000, 0.6
40, 128, 400, 0.2
40, 128, 400, 0.4
40, 128, 400, 0.6
40, 128, 600, 0.2
40, 128, 600, 0.4
40, 128, 600, 0.6
40, 128, 800, 0.2
40, 128, 800, 0.4
40, 128, 800, 0.6
40, 128, 1000, 0.2
40, 128, 1000, 0.4
40, 128, 1000, 0.6
40, 256, 400, 0.2
40, 256, 400, 0.4
40, 256, 400, 0.6
40, 256, 600, 0.2
40, 256, 600, 0.4
40, 256, 600, 0.6
40, 256, 800, 0.2
40, 256, 800, 0.4
40, 256, 800, 0.6
40, 256, 1000, 0.2
40, 256, 1000, 0.4
40, 256, 1000, 0.6
40, 512, 400, 0.2
40, 512, 400, 0.4
40, 512, 400, 0.6
40, 512, 600, 0.2
40, 512, 600, 0.4
40, 512, 600, 0.6
40, 512, 800, 0.2
40, 512, 800, 0.4
40, 512, 800, 0.6
40, 512, 1000, 0.2
40, 512, 1000, 0.4
40, 512, 1000, 0.6
40, 1024, 400, 0.2
40, 1024, 400, 0.4
40, 1024, 400, 0.6
40, 1024, 600, 0.2
40, 1024, 600, 0.4
40, 1024, 600, 0.6
40, 1024, 800, 0.2
40, 1024, 800, 0.4
40, 1024, 800, 0.6
40, 1024, 1000, 0.2
40, 1024, 1000, 0.4
40, 1024, 1000, 0.6
40, 2048, 400, 0.2
40, 2048, 400, 0.4
40, 2048, 400, 0.6
40, 2048, 600, 0.2
40, 2048, 600, 0.4
40, 2048, 600, 0.6
40, 2048, 800, 0.2
40, 2048, 800, 0.4
40, 2048, 800, 0.6
40, 2048, 1000, 0.2
40, 2048, 1000, 0.4
40, 2048, 1000, 0.6
40, 4096, 400, 0.2
40, 4096, 400, 0.4
40, 4096, 400, 0.6
40, 4096, 600, 0.2
40, 4096, 600, 0.4
40, 4096, 600, 0.6
40, 4096, 800, 0.2
40, 4096, 800, 0.4
40, 4096, 800, 0.6
40, 4096, 1000, 0.2
40, 4096, 1000, 0.4
40, 4096, 1000, 0.6
40, 8192, 400, 0.2
40, 8192, 400, 0.4
40, 8192, 400, 0.6
40, 8192, 600, 0.2
40, 8192, 600, 0.4
40, 8192, 600, 0.6
40, 8192, 800, 0.2
40, 8192, 800, 0.4
40, 8192, 800, 0.6
40, 8192, 1000, 0.2
40, 8192, 1000, 0.4
40, 8192, 1000, 0.6
48, 16, 400, 0.2
48, 16, 400, 0.4
48, 16, 400, 0.6
48, 16, 600, 0.2
48, 16, 600, 0.4
48, 16, 600, 0.6
48, 16, 800, 0.2
48, 16, 800, 0.4
48, 16, 800, 0.6
48, 16, 1000, 0.2
48, 16, 1000, 0.4
48, 16, 1000, 0.6
48, 32, 400, 0.2
48, 32, 400, 0.4
48, 32, 400, 0.6
48, 32, 600, 0.2
48, 32, 600, 0.4
48, 32, 600, 0.6
48, 32, 800, 0.2
48, 32, 800, 0.4
48, 32, 800, 0.6
48, 32, 1000, 0.2
48, 32, 1000, 0.4
48, 32, 1000, 0.6
48, 64, 400, 0.2
48, 64, 400, 0.4
48, 64, 400, 0.6
48, 64, 600, 0.2
48, 64, 600, 0.4
48, 64, 600, 0.6
48, 64, 800, 0.2
48, 64, 800, 0.4
48, 64, 800, 0.6
48, 64, 1000, 0.2
48, 64, 1000, 0.4
48, 64, 1000, 0.6
48, 128, 400, 0.2
48, 128, 400, 0.4
48, 128, 400, 0.6
48, 128, 600, 0.2
48, 128, 600, 0.4
48, 128, 600, 0.6
48, 128, 800, 0.2
48, 128, 800, 0.4
48, 128, 800, 0.6
48, 128, 1000, 0.2
48, 128, 1000, 0.4
48, 128, 1000, 0.6
48, 256, 400, 0.2
48, 256, 400, 0.4
48, 256, 400, 0.6
48, 256, 600, 0.2
48, 256, 600, 0.4
48, 256, 600, 0.6
48, 256, 800, 0.2
48, 256, 800, 0.4
48, 256, 800, 0.6
48, 256, 1000, 0.2
48, 256, 1000, 0.4
48, 256, 1000, 0.6
48, 512, 400, 0.2
48, 512, 400, 0.4
48, 512, 400, 0.6
48, 512, 600, 0.2
48, 512, 600, 0.4
48, 512, 600, 0.6
48, 512, 800, 0.2
48, 512, 800, 0.4
48, 512, 800, 0.6
48, 512, 1000, 0.2
48, 512, 1000, 0.4
48, 512, 1000, 0.6
48, 1024, 400, 0.2
48, 1024, 400, 0.4
48, 1024, 400, 0.6
48, 1024, 600, 0.2
48, 1024, 600, 0.4
48, 1024, 600, 0.6
48, 1024, 800, 0.2
48, 1024, 800, 0.4
48, 1024, 800, 0.6
48, 1024, 1000, 0.2
48, 1024, 1000, 0.4
48, 1024, 1000, 0.6
48, 2048, 400, 0.2
48, 2048, 400, 0.4
48, 2048, 400, 0.6
48, 2048, 600, 0.2
48, 2048, 600, 0.4
48, 2048, 600, 0.6
48, 2048, 800, 0.2
48, 2048, 800, 0.4
48, 2048, 800, 0.6
48, 2048, 1000, 0.2
48, 2048, 1000, 0.4
48, 2048, 1000, 0.6
48, 4096, 400, 0.2
48, 4096, 400, 0.4
48, 4096, 400, 0.6
48, 4096, 600, 0.2
48, 4096, 600, 0.4
48, 4096, 600, 0.6
48, 4096, 800, 0.2
48, 4096, 800, 0.4
48, 4096, 800, 0.6
48, 4096, 1000, 0.2
48, 4096, 1000, 0.4
48, 4096, 1000, 0.6
48, 8192, 400, 0.2
48, 8192, 400, 0.4
48, 8192, 400, 0.6
48, 8192, 600, 0.2
48, 8192, 600, 0.4
48, 8192, 600, 0.6
48, 8192, 800, 0.2
48, 8192, 800, 0.4
48, 8192, 800, 0.6
48, 8192, 1000, 0.2
48, 8192, 1000, 0.4
48, 8192, 1000, 0.6
56, 16, 400, 0.2
56, 16, 400, 0.4
56, 16, 400, 0.6
56, 16, 600, 0.2
56, 16, 600, 0.4
56, 16, 600, 0.6
56, 16, 800, 0.2
56, 16, 800, 0.4
56, 16, 800, 0.6
56, 16, 1000, 0.2
56, 16, 1000, 0.4
56, 16, 1000, 0.6
56, 32, 400, 0.2
56, 32, 400, 0.4
56, 32, 400, 0.6
56, 32, 600, 0.2
56, 32, 600, 0.4
56, 32, 600, 0.6
56, 32, 800, 0.2
56, 32, 800, 0.4
56, 32, 800, 0.6
56, 32, 1000, 0.2
56, 32, 1000, 0.4
56, 32, 1000, 0.6
56, 64, 400, 0.2
56, 64, 400, 0.4
56, 64, 400, 0.6
56, 64, 600, 0.2
56, 64, 600, 0.4
56, 64, 600, 0.6
56, 64, 800, 0.2
56, 64, 800, 0.4
56, 64, 800, 0.6
56, 64, 1000, 0.2
56, 64, 1000, 0.4
56, 64, 1000, 0.6
56, 128, 400, 0.2
56, 128, 400, 0.4
56, 128, 400, 0.6
56, 128, 600, 0.2
56, 128, 600, 0.4
56, 128, 600, 0.6
56, 128, 800, 0.2
56, 128, 800, 0.4
56, 128, 800, 0.6
56, 128, 1000, 0.2
56, 128, 1000, 0.4
56, 128, 1000, 0.6
56, 256, 400, 0.2
56, 256, 400, 0.4
56, 256, 400, 0.6
56, 256, 600, 0.2
56, 256, 600, 0.4
56, 256, 600, 0.6
56, 256, 800, 0.2
56, 256, 800, 0.4
56, 256, 800, 0.6
56, 256, 1000, 0.2
56, 256, 1000, 0.4
56, 256, 1000, 0.6
56, 512, 400, 0.2
56, 512, 400, 0.4
56, 512, 400, 0.6
56, 512, 600, 0.2
56, 512, 600, 0.4
56, 512, 600, 0.6
56, 512, 800, 0.2
56, 512, 800, 0.4
56, 512, 800, 0.6
56, 512, 1000, 0.2
56, 512, 1000, 0.4
56, 512, 1000, 0.6
56, 1024, 400, 0.2
56, 1024, 400, 0.4
56, 1024, 400, 0.6
56, 1024, 600, 0.2
56, 1024, 600, 0.4
56, 1024, 600, 0.6
56, 1024, 800, 0.2
56, 1024, 800, 0.4
56, 1024, 800, 0.6
56, 1024, 1000, 0.2
56, 1024, 1000, 0.4
56, 1024, 1000, 0.6
56, 2048, 400, 0.2
56, 2048, 400, 0.4
56, 2048, 400, 0.6
56, 2048, 600, 0.2
56, 2048, 600, 0.4
56, 2048, 600, 0.6
56, 2048, 800, 0.2
56, 2048, 800, 0.4
56, 2048, 800, 0.6
56, 2048, 1000, 0.2
56, 2048, 1000, 0.4
56, 2048, 1000, 0.6
56, 4096, 400, 0.2
56, 4096, 400, 0.4
56, 4096, 400, 0.6
56, 4096, 600, 0.2
56, 4096, 600, 0.4
56, 4096, 600, 0.6
56, 4096, 800, 0.2
56, 4096, 800, 0.4
56, 4096, 800, 0.6
56, 4096, 1000, 0.2
56, 4096, 1000, 0.4
56, 4096, 1000, 0.6
56, 8192, 400, 0.2
56, 8192, 400, 0.4
56, 8192, 400, 0.6
56, 8192, 600, 0.2
56, 8192, 600, 0.4
56, 8192, 600, 0.6
56, 8192, 800, 0.2
56, 8192, 800, 0.4
56, 8192, 800, 0.6
56, 8192, 1000, 0.2
56, 8192, 1000, 0.4
56, 8192, 1000, 0.6
64, 16, 400, 0.2
64, 16, 400, 0.4
64, 16, 400, 0.6
64, 16, 600, 0.2
64, 16, 600, 0.4
64, 16, 600, 0.6
64, 16, 800, 0.2
64, 16, 800, 0.4
64, 16, 800, 0.6
64, 16, 1000, 0.2
64, 16, 1000, 0.4
64, 16, 1000, 0.6
64, 32, 400, 0.2
64, 32, 400, 0.4
64, 32, 400, 0.6
64, 32, 600, 0.2
64, 32, 600, 0.4
64, 32, 600, 0.6
64, 32, 800, 0.2
64, 32, 800, 0.4
64, 32, 800, 0.6
64, 32, 1000, 0.2
64, 32, 1000, 0.4
64, 32, 1000, 0.6
64, 64, 400, 0.2
64, 64, 400, 0.4
64, 64, 400, 0.6
64, 64, 600, 0.2
64, 64, 600, 0.4
64, 64, 600, 0.6
64, 64, 800, 0.2
64, 64, 800, 0.4
64, 64, 800, 0.6
64, 64, 1000, 0.2
64, 64, 1000, 0.4
64, 64, 1000, 0.6
64, 128, 400, 0.2
64, 128, 400, 0.4
64, 128, 400, 0.6
64, 128, 600, 0.2
64, 128, 600, 0.4
64, 128, 600, 0.6
64, 128, 800, 0.2
64, 128, 800, 0.4
64, 128, 800, 0.6
64, 128, 1000, 0.2
64, 128, 1000, 0.4
64, 128, 1000, 0.6
64, 256, 400, 0.2
64, 256, 400, 0.4
64, 256, 400, 0.6
64, 256, 600, 0.2
64, 256, 600, 0.4
64, 256, 600, 0.6
64, 256, 800, 0.2
64, 256, 800, 0.4
64, 256, 800, 0.6
64, 256, 1000, 0.2
64, 256, 1000, 0.4
64, 256, 1000, 0.6
64, 512, 400, 0.2
64, 512, 400, 0.4
64, 512, 400, 0.6
64, 512, 600, 0.2
64, 512, 600, 0.4
64, 512, 600, 0.6
64, 512, 800, 0.2
64, 512, 800, 0.4
64, 512, 800, 0.6
64, 512, 1000, 0.2
64, 512, 1000, 0.4
64, 512, 1000, 0.6
64, 1024, 400, 0.2
64, 1024, 400, 0.4
64, 1024, 400, 0.6
64, 1024, 600, 0.2
64, 1024, 600, 0.4
64, 1024, 600, 0.6
64, 1024, 800, 0.2
64, 1024, 800, 0.4
64, 1024, 800, 0.6
64, 1024, 1000, 0.2
64, 1024, 1000, 0.4
64, 1024, 1000, 0.6
64, 2048, 400, 0.2
64, 2048, 400, 0.4
64, 2048, 400, 0.6
64, 2048, 600, 0.2
64, 2048, 600, 0.4
64, 2048, 600, 0.6
64, 2048, 800, 0.2
64, 2048, 800, 0.4
64, 2048, 800, 0.6
64, 2048, 1000, 0.2
64, 2048, 1000, 0.4
64, 2048, 1000, 0.6
64, 4096, 400, 0.2
64, 4096, 400, 0.4
64, 4096, 400, 0.6
64, 4096, 600, 0.2
64, 4096, 600, 0.4
64, 4096, 600, 0.6
64, 4096, 800, 0.2
64, 4096, 800, 0.4
64, 4096, 800, 0.6
64, 4096, 1000, 0.2
64, 4096, 1000, 0.4
64, 4096, 1000, 0.6
64, 8192, 400, 0.2
64, 8192, 400, 0.4
64, 8192, 400, 0.6
64, 8192, 600, 0.2
64, 8192, 600, 0.4
64, 8192, 600, 0.6
64, 8192, 800, 0.2
64, 8192, 800, 0.4
64, 8192, 800, 0.6
64, 8192, 1000, 0.2
64, 8192, 1000, 0.4
64, 8192, 1000, 0.6
100, 16, 400, 0.2
100, 16, 400, 0.4
100, 16, 400, 0.6
100, 16, 600, 0.2
100, 16, 600, 0.4
100, 16, 600, 0.6
100, 16, 800, 0.2
100, 16, 800, 0.4
100, 16, 800, 0.6
100, 16, 1000, 0.2
100, 16, 1000, 0.4
100, 16, 1000, 0.6
100, 32, 400, 0.2
100, 32, 400, 0.4
100, 32, 400, 0.6
100, 32, 600, 0.2
100, 32, 600, 0.4
100, 32, 600, 0.6
100, 32, 800, 0.2
100, 32, 800, 0.4
100, 32, 800, 0.6
100, 32, 1000, 0.2
100, 32, 1000, 0.4
100, 32, 1000, 0.6
100, 64, 400, 0.2
100, 64, 400, 0.4
100, 64, 400, 0.6
100, 64, 600, 0.2
100, 64, 600, 0.4
100, 64, 600, 0.6
100, 64, 800, 0.2
100, 64, 800, 0.4
100, 64, 800, 0.6
100, 64, 1000, 0.2
100, 64, 1000, 0.4
100, 64, 1000, 0.6
100, 128, 400, 0.2
100, 128, 400, 0.4
100, 128, 400, 0.6
100, 128, 600, 0.2
100, 128, 600, 0.4
100, 128, 600, 0.6
100, 128, 800, 0.2
100, 128, 800, 0.4
100, 128, 800, 0.6
100, 128, 1000, 0.2
100, 128, 1000, 0.4
100, 128, 1000, 0.6
100, 256, 400, 0.2
100, 256, 400, 0.4
100, 256, 400, 0.6
100, 256, 600, 0.2
100, 256, 600, 0.4
100, 256, 600, 0.6
100, 256, 800, 0.2
100, 256, 800, 0.4
100, 256, 800, 0.6
100, 256, 1000, 0.2
100, 256, 1000, 0.4
100, 256, 1000, 0.6
100, 512, 400, 0.2
100, 512, 400, 0.4
100, 512, 400, 0.6
100, 512, 600, 0.2
100, 512, 600, 0.4
100, 512, 600, 0.6
100, 512, 800, 0.2
100, 512, 800, 0.4
100, 512, 800, 0.6
100, 512, 1000, 0.2
100, 512, 1000, 0.4
100, 512, 1000, 0.6
100, 1024, 400, 0.2
100, 1024, 400, 0.4
100, 1024, 400, 0.6
100, 1024, 600, 0.2
100, 1024, 600, 0.4
100, 1024, 600, 0.6
100, 1024, 800, 0.2
100, 1024, 800, 0.4
100, 1024, 800, 0.6
100, 1024, 1000, 0.2
100, 1024, 1000, 0.4
100, 1024, 1000, 0.6
100, 2048, 400, 0.2
100, 2048, 400, 0.4
100, 2048, 400, 0.6
100, 2048, 600, 0.2
100, 2048, 600, 0.4
100, 2048, 600, 0.6
100, 2048, 800, 0.2
100, 2048, 800, 0.4
100, 2048, 800, 0.6
100, 2048, 1000, 0.2
100, 2048, 1000, 0.4
100, 2048, 1000, 0.6
100, 4096, 400, 0.2
100, 4096, 400, 0.4
100, 4096, 400, 0.6
100, 4096, 600, 0.2
100, 4096, 600, 0.4
100, 4096, 600, 0.6
100, 4096, 800, 0.2
100, 4096, 800, 0.4
100, 4096, 800, 0.6
100, 4096, 1000, 0.2
100, 4096, 1000, 0.4
100, 4096, 1000, 0.6
100, 8192, 400, 0.2
100, 8192, 400, 0.4
100, 8192, 400, 0.6
100, 8192, 600, 0.2
100, 8192, 600, 0.4
100, 8192, 600, 0.6
100, 8192, 800, 0.2
100, 8192, 800, 0.4
100, 8192, 800, 0.6
100, 8192, 1000, 0.2
100, 8192, 1000, 0.4
100, 8192, 1000, 0.6
300, 16, 400, 0.2
300, 16, 400, 0.4
300, 16, 400, 0.6
300, 16, 600, 0.2
300, 16, 600, 0.4
300, 16, 600, 0.6
300, 16, 800, 0.2
300, 16, 800, 0.4
300, 16, 800, 0.6
300, 16, 1000, 0.2
300, 16, 1000, 0.4
300, 16, 1000, 0.6
300, 32, 400, 0.2
300, 32, 400, 0.4
300, 32, 400, 0.6
300, 32, 600, 0.2
300, 32, 600, 0.4
300, 32, 600, 0.6
300, 32, 800, 0.2
300, 32, 800, 0.4
300, 32, 800, 0.6
300, 32, 1000, 0.2
300, 32, 1000, 0.4
300, 32, 1000, 0.6
300, 64, 400, 0.2
300, 64, 400, 0.4
300, 64, 400, 0.6
300, 64, 600, 0.2
300, 64, 600, 0.4
300, 64, 600, 0.6
300, 64, 800, 0.2
300, 64, 800, 0.4
300, 64, 800, 0.6
300, 64, 1000, 0.2
300, 64, 1000, 0.4
300, 64, 1000, 0.6
300, 128, 400, 0.2
300, 128, 400, 0.4
300, 128, 400, 0.6
300, 128, 600, 0.2
300, 128, 600, 0.4
300, 128, 600, 0.6
300, 128, 800, 0.2
300, 128, 800, 0.4
300, 128, 800, 0.6
300, 128, 1000, 0.2
300, 128, 1000, 0.4
300, 128, 1000, 0.6
300, 256, 400, 0.2
300, 256, 400, 0.4
300, 256, 400, 0.6
300, 256, 600, 0.2
300, 256, 600, 0.4
300, 256, 600, 0.6
300, 256, 800, 0.2
300, 256, 800, 0.4
300, 256, 800, 0.6
300, 256, 1000, 0.2
300, 256, 1000, 0.4
300, 256, 1000, 0.6
300, 512, 400, 0.2
300, 512, 400, 0.4
300, 512, 400, 0.6
300, 512, 600, 0.2
300, 512, 600, 0.4
300, 512, 600, 0.6
300, 512, 800, 0.2
300, 512, 800, 0.4
300, 512, 800, 0.6
300, 512, 1000, 0.2
300, 512, 1000, 0.4
300, 512, 1000, 0.6
300, 1024, 400, 0.2
300, 1024, 400, 0.4
300, 1024, 400, 0.6
300, 1024, 600, 0.2
300, 1024, 600, 0.4
300, 1024, 600, 0.6
300, 1024, 800, 0.2
300, 1024, 800, 0.4
300, 1024, 800, 0.6
300, 1024, 1000, 0.2
300, 1024, 1000, 0.4
300, 1024, 1000, 0.6
300, 2048, 400, 0.2
300, 2048, 400, 0.4
300, 2048, 400, 0.6
300, 2048, 600, 0.2
300, 2048, 600, 0.4
300, 2048, 600, 0.6
300, 2048, 800, 0.2
300, 2048, 800, 0.4
300, 2048, 800, 0.6
300, 2048, 1000, 0.2
300, 2048, 1000, 0.4
300, 2048, 1000, 0.6
300, 4096, 400, 0.2
300, 4096, 400, 0.4
300, 4096, 400, 0.6
300, 4096, 600, 0.2
300, 4096, 600, 0.4
300, 4096, 600, 0.6
300, 4096, 800, 0.2
300, 4096, 800, 0.4
300, 4096, 800, 0.6
300, 4096, 1000, 0.2
300, 4096, 1000, 0.4
300, 4096, 1000, 0.6
300, 8192, 400, 0.2
300, 8192, 400, 0.4
300, 8192, 400, 0.6
300, 8192, 600, 0.2
300, 8192, 600, 0.4
300, 8192, 600, 0.6
300, 8192, 800, 0.2
300, 8192, 800, 0.4
300, 8192, 800, 0.6
300, 8192, 1000, 0.2
300, 8192, 1000, 0.4
300, 8192, 1000, 0.6
500, 16, 400, 0.2
500, 16, 400, 0.4
500, 16, 400, 0.6
500, 16, 600, 0.2
500, 16, 600, 0.4
500, 16, 600, 0.6
500, 16, 800, 0.2
500, 16, 800, 0.4
500, 16, 800, 0.6
500, 16, 1000, 0.2
500, 16, 1000, 0.4
500, 16, 1000, 0.6
500, 32, 400, 0.2
500, 32, 400, 0.4
500, 32, 400, 0.6
500, 32, 600, 0.2
500, 32, 600, 0.4
500, 32, 600, 0.6
500, 32, 800, 0.2
500, 32, 800, 0.4
500, 32, 800, 0.6
500, 32, 1000, 0.2
500, 32, 1000, 0.4
500, 32, 1000, 0.6
500, 64, 400, 0.2
500, 64, 400, 0.4
500, 64, 400, 0.6
500, 64, 600, 0.2
500, 64, 600, 0.4
500, 64, 600, 0.6
500, 64, 800, 0.2
500, 64, 800, 0.4
500, 64, 800, 0.6
500, 64, 1000, 0.2
500, 64, 1000, 0.4
500, 64, 1000, 0.6
500, 128, 400, 0.2
500, 128, 400, 0.4
500, 128, 400, 0.6
500, 128, 600, 0.2
500, 128, 600, 0.4
500, 128, 600, 0.6
500, 128, 800, 0.2
500, 128, 800, 0.4
500, 128, 800, 0.6
500, 128, 1000, 0.2
500, 128, 1000, 0.4
500, 128, 1000, 0.6
500, 256, 400, 0.2
500, 256, 400, 0.4
500, 256, 400, 0.6
500, 256, 600, 0.2
500, 256, 600, 0.4
500, 256, 600, 0.6
500, 256, 800, 0.2
500, 256, 800, 0.4
500, 256, 800, 0.6
500, 256, 1000, 0.2
500, 256, 1000, 0.4
500, 256, 1000, 0.6
500, 512, 400, 0.2
500, 512, 400, 0.4
500, 512, 400, 0.6
500, 512, 600, 0.2
500, 512, 600, 0.4
500, 512, 600, 0.6
500, 512, 800, 0.2
500, 512, 800, 0.4
500, 512, 800, 0.6
500, 512, 1000, 0.2
500, 512, 1000, 0.4
500, 512, 1000, 0.6
500, 1024, 400, 0.2
500, 1024, 400, 0.4
500, 1024, 400, 0.6
500, 1024, 600, 0.2
500, 1024, 600, 0.4
500, 1024, 600, 0.6
500, 1024, 800, 0.2
500, 1024, 800, 0.4
500, 1024, 800, 0.6
500, 1024, 1000, 0.2
500, 1024, 1000, 0.4
500, 1024, 1000, 0.6
500, 2048, 400, 0.2
500, 2048, 400, 0.4
500, 2048, 400, 0.6
500, 2048, 600, 0.2
500, 2048, 600, 0.4
500, 2048, 600, 0.6
500, 2048, 800, 0.2
500, 2048, 800, 0.4
500, 2048, 800, 0.6
500, 2048, 1000, 0.2
500, 2048, 1000, 0.4
500, 2048, 1000, 0.6
500, 4096, 400, 0.2
500, 4096, 400, 0.4
500, 4096, 400, 0.6
500, 4096, 600, 0.2
500, 4096, 600, 0.4
500, 4096, 600, 0.6
500, 4096, 800, 0.2
500, 4096, 800, 0.4
500, 4096, 800, 0.6
500, 4096, 1000, 0.2
500, 4096, 1000, 0.4
500, 4096, 1000, 0.6
500, 8192, 400, 0.2
500, 8192, 400, 0.4
500, 8192, 400, 0.6
500, 8192, 600, 0.2
500, 8192, 600, 0.4
500, 8192, 600, 0.6
500, 8192, 800, 0.2
500, 8192, 800, 0.4
500, 8192, 800, 0.6
500, 8192, 1000, 0.2
500, 8192, 1000, 0.4
500, 8192, 1000, 0.6
